Time,DIN1,DIN2,DIN3,DIN4,DIN5,DIN6,DIN7,DIN8,DOUT0,DOUT1,DOUT2,DOUT3, DOUT4, DOUT5, DOUT6, DOUT7, AIN0, AIN1,AIN2,AIN3,AOUT0, INPOS0, TARPOS0, CURPOS0, CURVEL0, SCALE
10970894,0,0,0,0,1,1,1,1,0,0,0,0,0,0,0,0,0.180513,0.188571,0.182125,0.199853,0.000000,1,0.00,0.00,90.00,0
10970925,0,0,0,0,1,1,1,1,0,0,0,0,0,0,0,0,0.180513,0.188571,0.159560,0.199048,0.000000,1,0.00,0.00,90.00,0
10970956,0,0,0,0,1,1,1,1,0,0,0,0,0,0,0,0,0.178901,0.189377,0.198242,0.178095,0.000000,1,0.00,0.00,90.00,0
10970987,0,0,0,0,1,1,1,1,0,0,0,0,0,0,0,0,0.177289,0.186960,0.170843,0.195018,0.000000,1,0.00,0.00,90.00,0
10971018,0,0,0,0,1,1,1,1,0,0,0,0,0,0,0,0,0.180513,0.187766,0.177289,0.199048,0.000000,1,0.00,0.00,90.00,0
10971049,0,0,0,0,1,1,1,1,0,0,0,0,0,0,0,0,0.178901,0.191795,0.176484,0.183736,0.000000,1,0.00,0.00,90.00,0
10971080,0,0,0,0,1,1,1,1,0,0,0,0,0,0,0,0,0.179707,0.190183,0.162784,0.199853,0.000000,1,0.00,0.00,90.00,0
10971111,0,0,0,0,1,1,1,1,0,0,0,0,0,0,0,0,0.178901,0.188571,0.178901,0.197436,0.000000,1,0.00,0.00,90.00,0
10971142,0,0,0,0,1,1,1,1,0,0,0,0,0,0,0,0,0.180513,0.189377,0.174066,0.199853,0.000000,1,0.00,0.00,90.00,0
10971173,0,0,0,0,1,1,1,1,0,0,0,0,0,0,0,0,0.179707,0.190183,0.178901,0.184542,0.000000,1,0.00,0.00,90.00,0
10971204,0,0,0,0,1,1,1,1,0,0,0,0,0,0,0,0,0.178901,0.187766,0.170843,0.182125,0.000000,1,0.00,0.00,90.00,0
10971235,0,0,0,0,1,1,1,1,0,0,0,0,0,0,0,0,0.180513,0.187766,0.157949,0.199853,0.000000,1,0.00,0.00,90.00,0
10971266,0,0,0,0,1,1,1,1,0,0,0,0,0,0,0,0,0.179707,0.187766,0.212747,0.178901,0.000000,1,0.00,0.00,90.00,0
10971297,0,0,0,0,1,1,1,1,0,0,0,0,0,0,0,0,0.180513,0.190183,0.177289,0.199048,0.000000,1,0.00,0.00,90.00,0
10971328,0,0,0,0,1,1,1,1,0,0,0,0,0,0,0,0,0.177289,0.188571,0.174066,0.197436,0.000000,1,0.00,0.00,90.00,0
10971359,0,0,0,0,1,1,1,1,0,0,0,0,0,0,0,0,0.178901,0.187766,0.178901,0.182930,0.000000,1,0.00,0.00,90.00,0
10971390,0,0,0,0,1,1,1,1,0,0,0,0,0,0,0,0,0.178095,0.186960,0.154725,0.196630,0.000000,1,0.00,0.00,90.00,0
10971421,0,0,0,0,1,1,1,1,0,0,0,0,0,0,0,0,0.178901,0.188571,0.173260,0.182930,0.000000,1,0.00,0.00,90.00,0
10971452,0,0,0,0,1,1,1,1,0,0,0,0,0,0,0,0,0.180513,0.186960,0.175678,0.195824,0.000000,1,0.00,0.00,90.00,0
10971483,0,0,0,0,1,1,1,1,0,0,0,0,0,0,0,0,0.178901,0.186960,0.174066,0.180513,0.000000,1,0.00,0.00,90.00,0
10971514,0,0,0,0,1,1,1,1,0,0,0,0,0,0,0,0,0.178901,0.188571,0.176484,0.184542,0.000000,1,0.00,0.00,90.00,0
10971545,0,0,0,0,1,1,1,1,0,0,0,0,0,0,0,0,0.178901,0.188571,0.154725,0.199048,0.000000,1,0.00,0.00,90.00,0
10971576,0,0,0,0,1,1,1,1,0,0,0,0,0,0,0,0,0.178901,0.189377,0.201465,0.179707,0.000000,1,0.00,0.00,90.00,0
10971607,0,0,0,0,1,1,1,1,0,0,0,0,0,0,0,0,0.178095,0.186960,0.167619,0.196630,0.000000,1,0.00,0.00,90.00,0
10971638,0,0,0,0,1,1,1,1,0,0,0,0,0,0,0,0,0.177289,0.186960,0.176484,0.196630,0.000000,1,0.00,0.00,90.00,0
10971669,0,0,0,0,1,1,1,1,0,0,0,0,0,0,0,0,0.178901,0.188571,0.175678,0.186154,0.000000,1,0.00,0.00,90.00,0
10971700,0,0,0,0,1,1,1,1,0,0,0,0,0,0,0,0,0.180513,0.192601,0.161172,0.200659,0.000000,1,0.00,0.00,90.00,0
10971731,0,0,0,0,1,1,1,1,0,0,0,0,0,0,0,0,0.178901,0.187766,0.173260,0.182930,0.000000,1,0.00,0.00,90.00,0
10971762,0,0,0,0,1,1,1,1,0,0,0,0,0,0,0,0,0.178095,0.188571,0.169231,0.196630,0.000000,1,0.00,0.00,90.00,0
10971793,0,0,0,0,1,1,1,1,0,0,0,0,0,0,0,0,0.181319,0.190183,0.179707,0.186154,0.000000,1,0.00,0.00,90.00,0
10971824,0,0,0,0,1,1,1,1,0,0,0,0,0,0,0,0,0.178901,0.190183,0.171648,0.183736,0.000000,1,0.00,0.00,90.00,0
10971855,0,0,0,0,1,1,1,1,0,0,0,0,0,0,0,0,0.178095,0.188571,0.159560,0.196630,0.000000,1,0.00,0.00,90.00,0
10971886,0,0,0,0,1,1,1,1,0,0,0,0,0,0,0,0,0.180513,0.187766,0.192601,0.178095,0.000000,1,0.00,0.00,90.00,0
10971917,0,0,0,0,1,1,1,1,0,0,0,0,0,0,0,0,0.178901,0.190183,0.175678,0.197436,0.000000,1,0.00,0.00,90.00,0
10971948,0,0,0,0,1,1,1,1,0,0,0,0,0,0,0,0,0.179707,0.188571,0.172454,0.198242,0.000000,1,0.00,0.00,90.00,0
10971979,0,0,0,0,1,1,1,1,0,0,0,0,0,0,0,0,0.178095,0.189377,0.181319,0.183736,0.000000,1,0.00,0.00,90.00,0
10972010,0,0,0,0,1,1,1,1,0,0,0,0,0,0,0,0,0.178095,0.186960,0.154725,0.196630,0.000000,1,0.00,0.00,90.00,0
10972041,0,0,0,0,1,1,1,1,0,0,0,0,0,0,0,0,0.180513,0.188571,0.173260,0.182930,0.000000,1,0.00,0.00,90.00,0
10972072,0,0,0,0,1,1,1,1,0,0,0,0,0,0,0,0,0.178901,0.188571,0.176484,0.197436,0.000000,1,0.00,0.00,90.00,0
10972103,0,0,0,0,1,1,1,1,0,0,0,0,0,0,0,0,0.177289,0.187766,0.175678,0.178901,0.000000,1,0.00,0.00,90.00,0
10972134,0,0,0,0,1,1,1,1,0,0,0,0,0,0,0,0,0.178095,0.186960,0.174872,0.182125,0.000000,1,0.00,0.00,90.00,0
10972165,0,0,0,0,1,1,1,1,0,0,0,0,0,0,0,0,0.178901,0.188571,0.153114,0.195824,0.000000,1,0.00,0.00,90.00,0
10972196,0,0,0,0,1,1,1,1,0,0,0,0,0,0,0,0,0.180513,0.190183,0.220000,0.180513,0.000000,1,0.00,0.00,90.00,0
10972227,0,0,0,0,1,1,1,1,0,0,0,0,0,0,0,0,0.180513,0.187766,0.170843,0.197436,0.000000,1,0.00,0.00,90.00,0
10972258,0,0,0,0,1,1,1,1,0,0,0,0,0,0,0,0,0.178901,0.187766,0.175678,0.195018,0.000000,1,0.00,0.00,90.00,0
10972289,0,0,0,0,1,1,1,1,0,0,0,0,0,0,0,0,0.178095,0.187766,0.174066,0.180513,0.000000,1,0.00,0.00,90.00,0
10972320,0,0,0,0,1,1,1,1,0,0,0,0,0,0,0,0,0.180513,0.189377,0.161172,0.200659,0.000000,1,0.00,0.00,90.00,0
10972351,0,0,0,0,1,1,1,1,0,0,0,0,0,0,0,0,0.180513,0.186960,0.177289,0.196630,0.000000,1,0.00,0.00,90.00,0
10972382,0,0,0,0,1,1,1,1,0,0,0,0,0,0,0,0,0.178901,0.188571,0.174066,0.194212,0.000000,1,0.00,0.00,90.00,0
10972413,0,0,0,0,1,1,1,1,0,0,0,0,0,0,0,0,0.178901,0.189377,0.178901,0.182125,0.000000,1,0.00,0.00,90.00,0
10972444,0,0,0,0,1,1,1,1,0,0,0,0,0,0,0,0,0.181319,0.189377,0.174872,0.185348,0.000000,1,0.00,0.00,90.00,0
10972475,0,0,0,0,1,1,1,1,0,0,0,0,0,0,0,0,0.178901,0.190183,0.159560,0.198242,0.000000,1,0.00,0.00,90.00,0
10972506,0,0,0,0,1,1,1,1,0,0,0,0,0,0,0,0,0.178095,0.186960,0.194212,0.175678,0.000000,1,0.00,0.00,90.00,0
10972537,0,0,0,0,1,1,1,1,0,0,0,0,0,0,0,0,0.180513,0.186960,0.175678,0.198242,0.000000,1,0.00,0.00,90.00,0
10972568,0,0,0,0,1,1,1,1,0,0,0,0,0,0,0,0,0.178901,0.190183,0.172454,0.195018,0.000000,1,0.00,0.00,90.00,0
10972599,0,0,0,0,1,1,1,1,0,0,0,0,0,0,0,0,0.180513,0.190183,0.179707,0.183736,0.000000,1,0.00,0.00,90.00,0
10972630,0,0,0,0,1,1,1,1,0,0,0,0,0,0,0,0,0.177289,0.189377,0.156337,0.196630,0.000000,1,0.00,0.00,90.00,0
10972661,0,0,0,0,1,1,1,1,0,0,0,0,0,0,0,0,0.178095,0.188571,0.171648,0.181319,0.000000,1,0.00,0.00,90.00,0
10972692,0,0,0,0,1,1,1,1,0,0,0,0,0,0,0,0,0.180513,0.190183,0.176484,0.198242,0.000000,1,0.00,0.00,90.00,0
10972723,0,0,0,0,1,1,1,1,0,0,0,0,0,0,0,0,0.178901,0.188571,0.174066,0.180513,0.000000,1,0.00,0.00,90.00,0
10972754,0,0,0,0,1,1,1,1,0,0,0,0,0,0,0,0,0.180513,0.187766,0.177289,0.183736,0.000000,1,0.00,0.00,90.00,0
10972785,0,0,0,0,1,1,1,1,0,0,0,0,0,0,0,0,0.178095,0.185348,0.154725,0.194212,0.000000,1,0.00,0.00,90.00,0
10972816,0,0,0,0,1,1,1,1,0,0,0,0,0,0,0,0,0.179707,0.189377,0.201465,0.178901,0.000000,1,0.00,0.00,90.00,0
10972847,0,0,0,0,1,1,1,1,0,0,0,0,0,0,0,0,0.178095,0.189377,0.170843,0.195824,0.000000,1,0.00,0.00,90.00,0
10972878,0,0,0,0,1,1,1,1,0,0,0,0,0,0,0,0,0.178095,0.186960,0.180513,0.196630,0.000000,1,0.00,0.00,90.00,0
10972919,0,0,0,0,1,1,1,1,0,0,0,0,0,0,0,0,0.178095,0.189377,0.175678,0.183736,0.000000,0,359.82,0.90,90.00,0
10972951,0,0,0,0,1,1,1,1,0,0,0,0,0,0,0,0,0.179707,0.184542,0.177289,0.183736,0.000000,0,359.82,3.78,90.00,0
10972984,0,0,0,0,1,1,1,1,0,0,0,0,0,0,0,0,0.180513,0.188571,0.172454,0.199048,0.000000,0,359.82,6.84,90.00,0
10973016,0,0,0,0,1,1,1,1,0,0,0,0,0,0,0,0,0.177289,0.189377,0.203883,0.177289,0.000000,0,359.82,9.72,90.00,0
10973048,0,0,0,0,1,1,1,1,0,0,0,0,0,0,0,0,0.178901,0.186960,0.172454,0.196630,0.000000,0,359.82,12.60,90.00,0
10973080,0,0,0,0,1,1,1,1,0,0,0,0,0,0,0,0,0.180513,0.186960,0.164396,0.201465,0.000000,0,359.82,15.48,90.00,0
10973112,0,0,0,0,1,1,1,1,0,0,0,0,0,0,0,0,0.178095,0.188571,0.175678,0.182125,0.000000,0,359.82,18.36,90.00,0
10973144,0,0,0,0,1,1,1,1,0,0,0,0,0,0,0,0,0.180513,0.191795,0.173260,0.186154,0.000000,0,359.82,21.24,90.00,0
10973176,0,0,0,0,1,1,1,1,0,0,0,0,0,0,0,0,0.177289,0.186960,0.198242,0.181319,0.000000,0,359.82,24.12,90.00,0
10973208,0,0,0,0,1,1,1,1,0,0,0,0,0,0,0,0,0.177289,0.187766,0.170037,0.193407,0.000000,0,359.82,27.00,90.00,0
10973240,0,0,0,0,1,1,1,1,0,0,0,0,0,0,0,0,0.177289,0.189377,0.162784,0.195824,0.000000,0,359.82,29.88,90.00,0
10973272,0,0,0,0,1,1,1,1,0,0,0,0,0,0,0,0,0.176484,0.188571,0.175678,0.182930,0.000000,0,359.82,32.76,90.00,0
10973304,0,0,0,0,1,1,1,1,0,0,0,0,0,0,0,0,0.179707,0.190183,0.170037,0.182930,0.000000,0,359.82,35.64,90.00,0
10973336,0,0,0,0,1,1,1,1,0,0,0,0,0,0,0,0,0.177289,0.186960,0.197436,0.177289,0.000000,0,359.82,38.52,90.00,0
10973368,0,0,0,0,1,1,1,1,0,0,0,0,0,0,0,0,0.178095,0.190183,0.170843,0.196630,0.000000,0,359.82,41.40,90.00,0
10973400,0,0,0,0,1,1,1,1,0,0,0,0,0,0,0,0,0.180513,0.189377,0.166007,0.198242,0.000000,0,359.82,44.28,90.00,0
10973432,0,0,0,0,1,1,1,1,0,0,0,0,0,0,0,0,0.176484,0.187766,0.172454,0.182930,0.000000,0,359.82,47.16,90.00,0
10973464,0,0,0,0,1,1,1,1,0,0,0,0,0,0,0,0,0.180513,0.191795,0.173260,0.186154,0.000000,0,359.82,50.04,90.00,0
10973496,0,0,0,0,1,1,1,1,0,0,0,0,0,0,0,0,0.181319,0.188571,0.197436,0.181319,0.000000,0,359.82,52.92,90.00,0
10973528,0,0,0,0,1,1,1,1,0,0,0,0,0,0,0,0,0.178095,0.190183,0.172454,0.196630,0.000000,0,359.82,55.80,90.00,0
10973560,0,0,0,0,1,1,1,1,0,0,0,0,0,0,0,0,0.177289,0.189377,0.162784,0.195018,0.000000,0,359.82,58.68,90.00,0
10973592,0,0,0,0,1,1,1,1,0,0,0,0,0,0,0,0,0.179707,0.187766,0.178095,0.183736,0.000000,0,359.82,61.56,90.00,0
10973624,0,0,0,0,1,1,1,1,0,0,0,0,0,0,0,0,0.180513,0.190183,0.173260,0.186960,0.000000,0,359.82,64.44,90.00,0
10973656,0,0,0,0,1,1,1,1,0,0,0,0,0,0,0,0,0.178901,0.186960,0.196630,0.179707,0.000000,0,359.82,67.32,90.00,0
10973688,0,0,0,0,1,1,1,1,0,0,0,0,0,0,0,0,0.178901,0.186960,0.168425,0.194212,0.000000,0,359.82,70.20,90.00,0
10973720,0,0,0,0,1,1,1,1,0,0,0,0,0,0,0,0,0.181319,0.186960,0.167619,0.195824,0.000000,0,359.82,73.08,90.00,0
10973752,0,0,0,0,1,1,1,1,0,0,0,0,0,0,0,0,0.178901,0.186960,0.173260,0.180513,0.000000,0,359.82,75.96,90.00,0
10973784,0,0,0,0,1,1,1,1,0,0,0,0,0,0,0,0,0.178901,0.188571,0.171648,0.185348,0.000000,0,359.82,78.84,90.00,0
10973816,0,0,0,0,1,1,1,1,0,0,0,0,0,0,0,0,0.179707,0.187766,0.197436,0.181319,0.000000,0,359.82,81.72,90.00,0
10973848,0,0,0,0,1,1,1,1,0,0,0,0,0,0,0,0,0.178901,0.190183,0.172454,0.196630,0.000000,0,359.82,84.60,90.00,0
10973880,0,0,0,0,1,1,1,1,0,0,0,0,0,0,0,0,0.177289,0.190183,0.163590,0.196630,0.000000,0,359.82,87.48,90.00,0
10973912,0,0,0,0,1,1,1,1,0,0,0,0,0,0,0,0,0.177289,0.189377,0.174872,0.183736,0.000000,0,359.82,90.36,90.00,0
10973944,0,0,0,0,1,1,1,1,0,0,0,0,0,0,0,0,0.181319,0.193407,0.171648,0.186154,0.000000,0,359.82,93.24,90.00,0
10973976,0,0,0,0,1,1,1,1,0,0,0,0,0,0,0,0,0.180513,0.187766,0.196630,0.178095,0.000000,0,359.82,96.12,90.00,0
10974008,0,0,0,0,1,1,1,1,0,0,0,0,0,0,0,0,0.177289,0.189377,0.169231,0.192601,0.000000,0,359.82,99.00,90.00,0
10974040,0,0,0,0,1,1,1,1,0,0,0,0,0,0,0,0,0.178095,0.185348,0.162784,0.195824,0.000000,0,359.82,101.88,90.00,0
10974072,0,0,0,0,1,1,1,1,0,0,0,0,0,0,0,0,0.178095,0.187766,0.173260,0.182930,0.000000,0,359.82,104.76,90.00,0
10974104,0,0,0,0,1,1,1,1,0,0,0,0,0,0,0,0,0.180513,0.188571,0.171648,0.182930,0.000000,0,359.82,107.64,90.00,0
10974136,0,0,0,0,1,1,1,1,0,0,0,0,0,0,0,0,0.177289,0.186960,0.197436,0.176484,0.000000,0,359.82,110.52,90.00,0
10974168,0,0,0,0,1,1,1,1,0,0,0,0,0,0,0,0,0.178095,0.188571,0.172454,0.196630,0.000000,0,359.82,113.40,90.00,0
10974200,0,0,0,0,1,1,1,1,0,0,0,0,0,0,0,0,0.178095,0.189377,0.163590,0.197436,0.000000,0,359.82,116.28,90.00,0
10974232,0,0,0,0,1,1,1,1,0,0,0,0,0,0,0,0,0.175678,0.186960,0.174872,0.183736,0.000000,0,359.82,119.16,90.00,0
10974264,0,0,0,0,1,1,1,1,0,0,0,0,0,0,0,0,0.180513,0.191795,0.172454,0.186960,0.000000,0,359.82,122.04,90.00,0
10974296,0,0,0,0,1,1,1,1,0,0,0,0,0,0,0,0,0.181319,0.188571,0.199048,0.180513,0.000000,0,359.82,124.92,90.00,0
10974328,0,0,0,0,1,1,1,1,0,0,0,0,0,0,0,0,0.178095,0.186960,0.170843,0.196630,0.000000,0,359.82,127.80,90.00,0
10974360,0,0,0,0,1,1,1,1,0,0,0,0,0,0,0,0,0.176484,0.186960,0.163590,0.194212,0.000000,0,359.82,130.68,90.00,0
10974392,0,0,0,0,1,1,1,1,0,0,0,0,0,0,0,0,0.178095,0.189377,0.177289,0.184542,0.000000,0,359.82,133.56,90.00,0
10974424,0,0,0,0,1,1,1,1,0,0,0,0,0,0,0,0,0.180513,0.190183,0.172454,0.186154,0.000000,0,359.82,136.44,90.00,0
10974456,0,0,0,0,1,1,1,1,0,0,0,0,0,0,0,0,0.177289,0.186154,0.197436,0.181319,0.000000,0,359.82,139.32,90.00,0
10974488,0,0,0,0,1,1,1,1,0,0,0,0,0,0,0,0,0.178095,0.186154,0.170843,0.194212,0.000000,0,359.82,142.20,90.00,0
10974520,0,0,0,0,1,1,1,1,0,0,0,0,0,0,0,0,0.180513,0.189377,0.164396,0.199048,0.000000,0,359.82,145.08,90.00,0
10974552,0,0,0,0,1,1,1,1,0,0,0,0,0,0,0,0,0.178901,0.186960,0.172454,0.180513,0.000000,0,359.82,147.96,90.00,0
10974584,0,0,0,0,1,1,1,1,0,0,0,0,0,0,0,0,0.180513,0.188571,0.170843,0.183736,0.000000,0,359.82,150.84,90.00,0
10974616,0,0,0,0,1,1,1,1,0,0,0,0,0,0,0,0,0.178901,0.190183,0.199853,0.178095,0.000000,0,359.82,153.72,90.00,0
10974648,0,0,0,0,1,1,1,1,0,0,0,0,0,0,0,0,0.180513,0.189377,0.169231,0.195824,0.000000,0,359.82,156.60,90.00,0
10974680,0,0,0,0,1,1,1,1,0,0,0,0,0,0,0,0,0.178901,0.189377,0.203077,0.195824,0.000000,0,359.82,159.48,90.00,0
10974712,0,0,0,0,1,1,1,1,0,0,0,0,0,0,0,0,0.177289,0.190989,0.177289,0.182125,0.000000,0,359.82,162.36,90.00,0
10974744,0,0,0,0,1,1,1,1,0,0,0,0,0,0,0,0,0.181319,0.191795,0.173260,0.185348,0.000000,0,359.82,165.24,90.00,0
10974776,0,0,0,0,1,1,1,1,0,0,0,0,0,0,0,0,0.177289,0.186154,0.197436,0.180513,0.000000,0,359.82,168.12,90.00,0
10974808,0,0,0,0,1,1,1,1,0,0,0,0,0,0,0,0,0.177289,0.188571,0.170843,0.191795,0.000000,0,359.82,171.00,90.00,0
10974840,0,0,0,0,1,1,1,1,0,0,0,0,0,0,0,0,0.178901,0.186960,0.164396,0.196630,0.000000,0,359.82,173.88,90.00,0
10974872,0,0,0,0,1,1,1,1,0,0,0,0,0,0,0,0,0.177289,0.188571,0.174066,0.183736,0.000000,0,359.82,176.76,90.00,0
10974904,0,0,0,0,1,1,1,1,0,0,0,0,0,0,0,0,0.178901,0.188571,0.170843,0.183736,0.000000,0,359.82,179.64,90.00,0
10974936,0,0,0,0,1,1,1,1,0,0,0,0,0,0,0,0,0.178095,0.188571,0.198242,0.174066,0.000000,0,359.82,182.52,90.00,0
10974968,0,0,0,0,1,1,1,1,0,0,0,0,0,0,0,0,0.177289,0.187766,0.172454,0.194212,0.000000,0,359.82,185.40,90.00,0
10975000,0,0,0,0,1,1,1,1,0,0,0,0,0,0,0,0,0.181319,0.187766,0.167619,0.195018,0.000000,0,359.82,188.28,90.00,0
10975032,0,0,0,0,1,1,1,1,0,0,0,0,0,0,0,0,0.177289,0.187766,0.173260,0.184542,0.000000,0,359.82,191.16,90.00,0
10975064,0,0,0,0,1,1,1,1,0,0,0,0,0,0,0,0,0.180513,0.190183,0.172454,0.200659,0.000000,0,359.82,194.04,90.00,0
10975096,0,0,0,0,1,1,1,1,0,0,0,0,0,0,0,0,0.181319,0.187766,0.201465,0.178901,0.000000,0,359.82,196.92,90.00,0
10975128,0,0,0,0,1,1,1,1,0,0,0,0,0,0,0,0,0.177289,0.189377,0.170037,0.196630,0.000000,0,359.82,199.80,90.00,0
10975160,0,0,0,0,1,1,1,1,0,0,0,0,0,0,0,0,0.178901,0.186960,0.161172,0.199853,0.000000,0,359.82,202.68,90.00,0
10975192,0,0,0,0,1,1,1,1,0,0,0,0,0,0,0,0,0.178095,0.188571,0.174872,0.186154,0.000000,0,359.82,205.56,90.00,0
10975224,0,0,0,0,1,1,1,1,0,0,0,0,0,0,0,0,0.180513,0.189377,0.171648,0.185348,0.000000,0,359.82,208.44,90.00,0
10975256,0,0,0,0,1,1,1,1,0,0,0,0,0,0,0,0,0.177289,0.187766,0.197436,0.177289,0.000000,0,359.82,211.32,90.00,0
10975288,0,0,0,0,1,1,1,1,0,0,0,0,0,0,0,0,0.178095,0.187766,0.169231,0.194212,0.000000,0,359.82,214.20,90.00,0
10975320,0,0,0,0,1,1,1,1,0,0,0,0,0,0,0,0,0.181319,0.188571,0.164396,0.201465,0.000000,0,359.82,217.08,90.00,0
10975352,0,0,0,0,1,1,1,1,0,0,0,0,0,0,0,0,0.178095,0.185348,0.176484,0.177289,0.000000,0,359.82,219.96,90.00,0
10975384,0,0,0,0,1,1,1,1,0,0,0,0,0,0,0,0,0.180513,0.190989,0.172454,0.183736,0.000000,0,359.82,222.84,90.00,0
10975416,0,0,0,0,1,1,1,1,0,0,0,0,0,0,0,0,0.177289,0.191795,0.198242,0.177289,0.000000,0,359.82,225.72,90.00,0
10975448,0,0,0,0,1,1,1,1,0,0,0,0,0,0,0,0,0.178095,0.189377,0.170843,0.195018,0.000000,0,359.82,228.60,90.00,0
10975480,0,0,0,0,1,1,1,1,0,0,0,0,0,0,0,0,0.177289,0.190183,0.161172,0.196630,0.000000,0,359.82,231.48,90.00,0
10975512,0,0,0,0,1,1,1,1,0,0,0,0,0,0,0,0,0.177289,0.189377,0.176484,0.182930,0.000000,0,359.82,234.36,90.00,0
10975544,0,0,0,0,1,1,1,1,0,0,0,0,0,0,0,0,0.180513,0.191795,0.171648,0.185348,0.000000,0,359.82,237.24,90.00,0
10975576,0,0,0,0,1,1,1,1,0,0,0,0,0,0,0,0,0.177289,0.186960,0.199853,0.180513,0.000000,0,359.82,240.12,90.00,0
10975608,0,0,0,0,1,1,1,1,0,0,0,0,0,0,0,0,0.177289,0.188571,0.169231,0.191795,0.000000,0,359.82,243.00,90.00,0
10975640,0,0,0,0,1,1,1,1,0,0,0,0,0,0,0,0,0.177289,0.186960,0.166007,0.195018,0.000000,0,359.82,245.88,90.00,0
10975672,0,0,0,0,1,1,1,1,0,0,0,0,0,0,0,0,0.177289,0.187766,0.173260,0.183736,0.000000,0,359.82,248.76,90.00,0
10975704,0,0,0,0,1,1,1,1,0,0,0,0,0,0,0,0,0.180513,0.190183,0.171648,0.184542,0.000000,0,359.82,251.64,90.00,0
10975736,0,0,0,0,1,1,1,1,0,0,0,0,0,0,0,0,0.177289,0.186960,0.197436,0.178901,0.000000,0,359.82,254.52,90.00,0
10975768,0,0,0,0,1,1,1,1,0,0,0,0,0,0,0,0,0.177289,0.187766,0.172454,0.195824,0.000000,0,359.82,257.40,90.00,0
10975800,0,0,0,0,1,1,1,1,0,0,0,0,0,0,0,0,0.178095,0.188571,0.164396,0.195018,0.000000,0,359.82,260.28,90.00,0
10975832,0,0,0,0,1,1,1,1,0,0,0,0,0,0,0,0,0.177289,0.187766,0.174872,0.182125,0.000000,0,359.82,263.16,90.00,0
10975864,0,0,0,0,1,1,1,1,0,0,0,0,0,0,0,0,0.180513,0.191795,0.172454,0.185348,0.000000,0,359.82,266.04,90.00,0
10975896,0,0,0,0,1,1,1,1,0,0,0,0,0,0,0,0,0.181319,0.188571,0.198242,0.180513,0.000000,0,359.82,268.92,90.00,0
10975928,0,0,0,0,1,1,1,1,0,0,0,0,0,0,0,0,0.177289,0.189377,0.169231,0.196630,0.000000,0,359.82,271.80,90.00,0
10975960,0,0,0,0,1,1,1,1,0,0,0,0,0,0,0,0,0.177289,0.186960,0.201465,0.197436,0.000000,0,359.82,274.68,90.00,0
10975992,0,0,0,0,1,1,1,1,0,0,0,0,0,0,0,0,0.177289,0.190989,0.178095,0.182930,0.000000,0,359.82,277.56,90.00,0
10976024,0,0,0,0,1,1,1,1,0,0,0,0,0,0,0,0,0.180513,0.190183,0.172454,0.184542,0.000000,0,359.82,280.44,90.00,0
10976056,0,0,0,0,1,1,1,1,0,0,0,0,0,0,0,0,0.176484,0.187766,0.197436,0.178901,0.000000,0,359.82,283.32,90.00,0
10976088,0,0,0,0,1,1,1,1,0,0,0,0,0,0,0,0,0.178095,0.187766,0.170843,0.194212,0.000000,0,359.82,286.20,90.00,0
10976120,0,0,0,0,1,1,1,1,0,0,0,0,0,0,0,0,0.178095,0.189377,0.163590,0.199048,0.000000,0,359.82,289.08,90.00,0
10976152,0,0,0,0,1,1,1,1,0,0,0,0,0,0,0,0,0.178901,0.187766,0.174872,0.179707,0.000000,0,359.82,291.96,90.00,0
10976184,0,0,0,0,1,1,1,1,0,0,0,0,0,0,0,0,0.180513,0.189377,0.170843,0.183736,0.000000,0,359.82,294.84,90.00,0
10976216,0,0,0,0,1,1,1,1,0,0,0,0,0,0,0,0,0.178095,0.190183,0.199853,0.177289,0.000000,0,359.82,297.72,90.00,0
10976248,0,0,0,0,1,1,1,1,0,0,0,0,0,0,0,0,0.178901,0.189377,0.170843,0.194212,0.000000,0,359.82,300.60,90.00,0
10976280,0,0,0,0,1,1,1,1,0,0,0,0,0,0,0,0,0.176484,0.189377,0.201465,0.194212,0.000000,0,359.82,303.48,90.00,0
10976312,0,0,0,0,1,1,1,1,0,0,0,0,0,0,0,0,0.178095,0.189377,0.178095,0.182125,0.000000,0,359.82,306.36,90.00,0
10976344,0,0,0,0,1,1,1,1,0,0,0,0,0,0,0,0,0.180513,0.192601,0.174066,0.185348,0.000000,0,359.82,309.24,90.00,0
10976376,0,0,0,0,1,1,1,1,0,0,0,0,0,0,0,0,0.177289,0.186154,0.198242,0.180513,0.000000,0,359.82,312.12,90.00,0
10976408,0,0,0,0,1,1,1,1,0,0,0,0,0,0,0,0,0.177289,0.184542,0.170843,0.191795,0.000000,0,359.82,315.00,90.00,0
10976440,0,0,0,0,1,1,1,1,0,0,0,0,0,0,0,0,0.178901,0.186960,0.166007,0.195824,0.000000,0,359.82,317.88,90.00,0
10976472,0,0,0,0,1,1,1,1,0,0,0,0,0,0,0,0,0.176484,0.187766,0.174872,0.184542,0.000000,0,359.82,320.76,90.00,0
10976504,0,0,0,0,1,1,1,1,0,0,0,0,0,0,0,0,0.180513,0.188571,0.171648,0.184542,0.000000,0,359.82,323.64,90.00,0
10976536,0,0,0,0,1,1,1,1,0,0,0,0,0,0,0,0,0.177289,0.188571,0.199048,0.180513,0.000000,0,359.82,326.52,90.00,0
10976568,0,0,0,0,1,1,1,1,0,0,0,0,0,0,0,0,0.180513,0.187766,0.172454,0.196630,0.000000,0,359.82,329.40,90.00,0
10976600,0,0,0,0,1,1,1,1,0,0,0,0,0,0,0,0,0.182125,0.186960,0.167619,0.196630,0.000000,0,359.82,332.28,90.00,0
10976632,0,0,0,0,1,1,1,1,0,0,0,0,0,0,0,0,0.177289,0.187766,0.172454,0.184542,0.000000,0,359.82,335.16,90.00,0
10976664,0,0,0,0,1,1,1,1,0,0,0,0,0,0,0,0,0.180513,0.190183,0.173260,0.187766,0.000000,0,359.82,338.04,90.00,0
10976696,0,0,0,0,1,1,1,1,0,0,0,0,0,0,0,0,0.178095,0.190183,0.197436,0.181319,0.000000,0,359.82,340.92,90.00,0
10976728,0,0,0,0,1,1,1,1,0,0,0,0,0,0,0,0,0.178095,0.190183,0.170843,0.197436,0.000000,0,359.82,343.80,90.00,0
10976760,0,0,0,0,1,1,1,1,0,0,0,0,0,0,0,0,0.178901,0.186960,0.161172,0.199048,0.000000,0,359.82,346.68,90.00,0
10976792,0,0,0,0,1,1,1,1,0,0,0,0,0,0,0,0,0.178095,0.188571,0.176484,0.183736,0.000000,0,359.82,349.56,90.00,0
10976824,0,0,0,0,1,1,1,1,0,0,0,0,0,0,0,0,0.180513,0.189377,0.170843,0.183736,0.000000,0,359.82,352.44,90.00,0
10976856,0,0,0,0,1,1,1,1,0,0,0,0,0,0,0,0,0.177289,0.187766,0.197436,0.177289,0.000000,0,359.82,355.32,90.00,0
10976888,0,0,0,0,1,1,1,1,0,0,0,0,0,0,0,0,0.177289,0.188571,0.170037,0.193407,0.000000,0,359.82,358.20,90.00,0
10976920,0,0,0,0,1,1,1,1,0,0,0,0,0,0,0,0,0.177289,0.189377,0.164396,0.198242,0.000000,1,359.82,359.82,90.00,0
10976952,0,0,0,0,1,1,1,1,0,0,0,0,0,0,0,0,0.178901,0.185348,0.175678,0.183736,0.000000,0,539.82,360.72,90.00,0
10976984,0,0,0,0,1,1,1,1,0,0,0,0,0,0,0,0,0.178901,0.186960,0.170037,0.181319,0.000000,0,539.82,363.60,90.00,0
10977016,0,0,0,0,1,1,1,1,0,0,0,0,0,0,0,0,0.178095,0.190989,0.198242,0.178901,0.000000,0,539.82,366.48,90.00,0
10977048,0,0,0,0,1,1,1,1,0,0,0,0,0,0,0,0,0.180513,0.190183,0.174066,0.198242,0.000000,0,539.82,369.36,90.00,0
10977080,0,0,0,0,1,1,1,1,0,0,0,0,0,0,0,0,0.177289,0.190183,0.166007,0.195824,0.000000,0,539.82,372.24,90.00,0
10977112,0,0,0,0,1,1,1,1,0,0,0,0,0,0,0,0,0.178901,0.190183,0.176484,0.186960,0.000000,0,539.82,375.12,90.00,0
10977144,0,0,0,0,1,1,1,1,0,0,0,0,0,0,0,0,0.180513,0.189377,0.173260,0.184542,0.000000,0,539.82,378.00,90.00,0
10977176,0,0,0,0,1,1,1,1,0,0,0,0,0,0,0,0,0.180513,0.187766,0.197436,0.177289,0.000000,0,539.82,380.88,90.00,0
10977208,0,0,0,0,1,1,1,1,0,0,0,0,0,0,0,0,0.178901,0.187766,0.172454,0.196630,0.000000,0,539.82,383.76,90.00,0
10977240,0,0,0,0,1,1,1,1,0,0,0,0,0,0,0,0,0.178901,0.189377,0.166007,0.194212,0.000000,0,539.82,386.64,90.00,0
10977272,0,0,0,0,1,1,1,1,0,0,0,0,0,0,0,0,0.178095,0.186960,0.178095,0.182930,0.000000,0,539.82,389.52,90.00,0
10977304,0,0,0,0,1,1,1,1,0,0,0,0,0,0,0,0,0.177289,0.189377,0.169231,0.182930,0.000000,0,539.82,392.40,90.00,0
10977336,0,0,0,0,1,1,1,1,0,0,0,0,0,0,0,0,0.178901,0.187766,0.196630,0.181319,0.000000,0,539.82,395.28,90.00,0
10977368,0,0,0,0,1,1,1,1,0,0,0,0,0,0,0,0,0.181319,0.190183,0.172454,0.199853,0.000000,0,539.82,398.16,90.00,0
10977400,0,0,0,0,1,1,1,1,0,0,0,0,0,0,0,0,0.178901,0.188571,0.167619,0.199853,0.000000,0,539.82,401.04,90.00,0
10977432,0,0,0,0,1,1,1,1,0,0,0,0,0,0,0,0,0.176484,0.189377,0.175678,0.184542,0.000000,0,539.82,403.92,90.00,0
10977464,0,0,0,0,1,1,1,1,0,0,0,0,0,0,0,0,0.178095,0.191795,0.170843,0.182930,0.000000,0,539.82,406.80,90.00,0
10977496,0,0,0,0,1,1,1,1,0,0,0,0,0,0,0,0,0.180513,0.188571,0.195824,0.182125,0.000000,0,539.82,409.68,90.00,0
10977528,0,0,0,0,1,1,1,1,0,0,0,0,0,0,0,0,0.178901,0.188571,0.174066,0.198242,0.000000,0,539.82,412.56,90.00,0
10977560,0,0,0,0,1,1,1,1,0,0,0,0,0,0,0,0,0.180513,0.188571,0.164396,0.195018,0.000000,0,539.82,415.44,90.00,0
10977592,0,0,0,0,1,1,1,1,0,0,0,0,0,0,0,0,0.178901,0.191795,0.174872,0.185348,0.000000,0,539.82,418.32,90.00,0
10977624,0,0,0,0,1,1,1,1,0,0,0,0,0,0,0,0,0.177289,0.190183,0.168425,0.181319,0.000000,0,539.82,421.20,90.00,0
10977656,0,0,0,0,1,1,1,1,0,0,0,0,0,0,0,0,0.178095,0.186960,0.195018,0.177289,0.000000,0,539.82,424.08,90.00,0
10977688,0,0,0,0,1,1,1,1,0,0,0,0,0,0,0,0,0.180513,0.189377,0.172454,0.197436,0.000000,0,539.82,426.96,90.00,0
10977720,0,0,0,0,1,1,1,1,0,0,0,0,0,0,0,0,0.178901,0.190183,0.169231,0.196630,0.000000,0,539.82,429.84,90.00,0
10977752,0,0,0,0,1,1,1,1,0,0,0,0,0,0,0,0,0.177289,0.185348,0.174872,0.178901,0.000000,0,539.82,432.72,90.00,0
10977784,0,0,0,0,1,1,1,1,0,0,0,0,0,0,0,0,0.179707,0.187766,0.172454,0.180513,0.000000,0,539.82,435.60,90.00,0
10977816,0,0,0,0,1,1,1,1,0,0,0,0,0,0,0,0,0.182125,0.189377,0.196630,0.181319,0.000000,0,539.82,438.48,90.00,0
10977848,0,0,0,0,1,1,1,1,0,0,0,0,0,0,0,0,0.180513,0.191795,0.174066,0.199048,0.000000,0,539.82,441.36,90.00,0
10977880,0,0,0,0,1,1,1,1,0,0,0,0,0,0,0,0,0.177289,0.189377,0.166007,0.193407,0.000000,0,539.82,444.24,90.00,0
10977912,0,0,0,0,1,1,1,1,0,0,0,0,0,0,0,0,0.178901,0.188571,0.178095,0.186960,0.000000,0,539.82,447.12,90.00,0
10977944,0,0,0,0,1,1,1,1,0,0,0,0,0,0,0,0,0.178901,0.189377,0.170843,0.186960,0.000000,0,539.82,450.00,90.00,0
10977976,0,0,0,0,1,1,1,1,0,0,0,0,0,0,0,0,0.180513,0.185348,0.198242,0.180513,0.000000,0,539.82,452.88,90.00,0
10978008,0,0,0,0,1,1,1,1,0,0,0,0,0,0,0,0,0.178901,0.188571,0.170843,0.197436,0.000000,0,539.82,455.76,90.00,0
10978040,0,0,0,0,1,1,1,1,0,0,0,0,0,0,0,0,0.177289,0.189377,0.167619,0.196630,0.000000,0,539.82,458.64,90.00,0
10978072,0,0,0,0,1,1,1,1,0,0,0,0,0,0,0,0,0.178901,0.186960,0.178095,0.186960,0.000000,0,539.82,461.52,90.00,0
10978104,0,0,0,0,1,1,1,1,0,0,0,0,0,0,0,0,0.177289,0.186960,0.170037,0.182125,0.000000,0,539.82,464.40,90.00,0
10978136,0,0,0,0,1,1,1,1,0,0,0,0,0,0,0,0,0.181319,0.188571,0.195824,0.182125,0.000000,0,539.82,467.28,90.00,0
10978168,0,0,0,0,1,1,1,1,0,0,0,0,0,0,0,0,0.181319,0.190989,0.174066,0.200659,0.000000,0,539.82,470.16,90.00,0
10978200,0,0,0,0,1,1,1,1,0,0,0,0,0,0,0,0,0.180513,0.187766,0.167619,0.199853,0.000000,0,539.82,473.04,90.00,0
10978232,0,0,0,0,1,1,1,1,0,0,0,0,0,0,0,0,0.178095,0.189377,0.174066,0.182125,0.000000,0,539.82,475.92,90.00,0
10978264,0,0,0,0,1,1,1,1,0,0,0,0,0,0,0,0,0.178901,0.190989,0.169231,0.182125,0.000000,0,539.82,478.80,90.00,0
10978296,0,0,0,0,1,1,1,1,0,0,0,0,0,0,0,0,0.178095,0.188571,0.197436,0.180513,0.000000,0,539.82,481.68,90.00,0
10978328,0,0,0,0,1,1,1,1,0,0,0,0,0,0,0,0,0.180513,0.188571,0.170843,0.198242,0.000000,0,539.82,484.56,90.00,0
10978360,0,0,0,0,1,1,1,1,0,0,0,0,0,0,0,0,0.177289,0.187766,0.167619,0.194212,0.000000,0,539.82,487.44,90.00,0
10978392,0,0,0,0,1,1,1,1,0,0,0,0,0,0,0,0,0.178901,0.190183,0.174066,0.182930,0.000000,0,539.82,490.32,90.00,0
10978424,0,0,0,0,1,1,1,1,0,0,0,0,0,0,0,0,0.178095,0.189377,0.170037,0.182125,0.000000,0,539.82,493.20,90.00,0
10978456,0,0,0,0,1,1,1,1,0,0,0,0,0,0,0,0,0.180513,0.186154,0.193407,0.177289,0.000000,0,539.82,496.08,90.00,0
10978488,0,0,0,0,1,1,1,1,0,0,0,0,0,0,0,0,0.180513,0.189377,0.170843,0.197436,0.000000,0,539.82,498.96,90.00,0
10978520,0,0,0,0,1,1,1,1,0,0,0,0,0,0,0,0,0.178901,0.190183,0.164396,0.197436,0.000000,0,539.82,501.84,90.00,0
10978552,0,0,0,0,1,1,1,1,0,0,0,0,0,0,0,0,0.177289,0.185348,0.176484,0.181319,0.000000,0,539.82,504.72,90.00,0
10978584,0,0,0,0,1,1,1,1,0,0,0,0,0,0,0,0,0.178901,0.190183,0.170037,0.180513,0.000000,0,539.82,507.60,90.00,0
10978616,0,0,0,0,1,1,1,1,0,0,0,0,0,0,0,0,0.180513,0.188571,0.199048,0.178901,0.000000,0,539.82,510.48,90.00,0
10978648,0,0,0,0,1,1,1,1,0,0,0,0,0,0,0,0,0.180513,0.191795,0.172454,0.198242,0.000000,0,539.82,513.36,90.00,0
10978680,0,0,0,0,1,1,1,1,0,0,0,0,0,0,0,0,0.178901,0.187766,0.167619,0.193407,0.000000,0,539.82,516.24,90.00,0
10978712,0,0,0,0,1,1,1,1,0,0,0,0,0,0,0,0,0.178901,0.190183,0.176484,0.185348,0.000000,0,539.82,519.12,90.00,0
10978744,0,0,0,0,1,1,1,1,0,0,0,0,0,0,0,0,0.178901,0.188571,0.171648,0.186960,0.000000,0,539.82,522.00,90.00,0
10978776,0,0,0,0,1,1,1,1,0,0,0,0,0,0,0,0,0.180513,0.186154,0.196630,0.178095,0.000000,0,539.82,524.88,90.00,0
10978808,0,0,0,0,1,1,1,1,0,0,0,0,0,0,0,0,0.180513,0.190183,0.172454,0.198242,0.000000,0,539.82,527.76,90.00,0
10978840,0,0,0,0,1,1,1,1,0,0,0,0,0,0,0,0,0.178901,0.188571,0.167619,0.197436,0.000000,0,539.82,530.64,90.00,0
10978872,0,0,0,0,1,1,1,1,0,0,0,0,0,0,0,0,0.178095,0.186154,0.175678,0.185348,0.000000,0,539.82,533.52,90.00,0
10978904,0,0,0,0,1,1,1,1,0,0,0,0,0,0,0,0,0.177289,0.189377,0.169231,0.182125,0.000000,0,539.82,536.40,90.00,0
10978936,0,0,0,0,1,1,1,1,0,0,0,0,0,0,0,0,0.178901,0.187766,0.196630,0.182125,0.000000,0,539.82,539.28,90.00,0
10978968,0,0,0,0,1,1,1,1,0,0,0,0,0,0,0,0,0.179707,0.188571,0.170843,0.197436,0.000000,1,539.82,539.82,90.00,0
10979000,0,0,0,0,1,1,1,1,0,0,0,0,0,0,0,0,0.180513,0.190183,0.166007,0.199853,0.000000,0,719.82,540.72,90.00,0
10979032,0,0,0,0,1,1,1,1,0,0,0,0,0,0,0,0,0.178901,0.187766,0.178095,0.186960,0.000000,0,719.82,543.60,90.00,0
10979064,0,0,0,0,1,1,1,1,0,0,0,0,0,0,0,0,0.178901,0.190183,0.170037,0.182125,0.000000,0,719.82,546.48,90.00,0
10979096,0,0,0,0,1,1,1,1,0,0,0,0,0,0,0,0,0.178901,0.188571,0.198242,0.178095,0.000000,0,719.82,549.36,90.00,0
10979128,0,0,0,0,1,1,1,1,0,0,0,0,0,0,0,0,0.182125,0.188571,0.170037,0.198242,0.000000,0,719.82,552.24,90.00,0
10979160,0,0,0,0,1,1,1,1,0,0,0,0,0,0,0,0,0.180513,0.189377,0.164396,0.194212,0.000000,0,719.82,555.12,90.00,0
10979192,0,0,0,0,1,1,1,1,0,0,0,0,0,0,0,0,0.178901,0.190183,0.173260,0.182930,0.000000,0,719.82,558.00,90.00,0
10979224,0,0,0,0,1,1,1,1,0,0,0,0,0,0,0,0,0.178095,0.188571,0.170037,0.182930,0.000000,0,719.82,560.88,90.00,0
10979256,0,0,0,0,1,1,1,1,0,0,0,0,0,0,0,0,0.178095,0.186960,0.194212,0.177289,0.000000,0,719.82,563.76,90.00,0
10979288,0,0,0,0,1,1,1,1,0,0,0,0,0,0,0,0,0.180513,0.190183,0.172454,0.197436,0.000000,0,719.82,566.64,90.00,0
10979320,0,0,0,0,1,1,1,1,0,0,0,0,0,0,0,0,0.178901,0.188571,0.168425,0.196630,0.000000,0,719.82,569.52,90.00,0
10979352,0,0,0,0,1,1,1,1,0,0,0,0,0,0,0,0,0.177289,0.186154,0.174066,0.182930,0.000000,0,719.82,572.40,90.00,0
10979384,0,0,0,0,1,1,1,1,0,0,0,0,0,0,0,0,0.179707,0.189377,0.171648,0.183736,0.000000,0,719.82,575.28,90.00,0
10979416,0,0,0,0,1,1,1,1,0,0,0,0,0,0,0,0,0.178901,0.186960,0.199853,0.176484,0.000000,0,719.82,578.16,90.00,0
10979448,0,0,0,0,1,1,1,1,0,0,0,0,0,0,0,0,0.180513,0.190989,0.172454,0.199853,0.000000,0,719.82,581.04,90.00,0
10979480,0,0,0,0,1,1,1,1,0,0,0,0,0,0,0,0,0.178901,0.188571,0.167619,0.196630,0.000000,0,719.82,583.92,90.00,0
10979512,0,0,0,0,1,1,1,1,0,0,0,0,0,0,0,0,0.180513,0.188571,0.177289,0.186960,0.000000,0,719.82,586.80,90.00,0
10979544,0,0,0,0,1,1,1,1,0,0,0,0,0,0,0,0,0.178901,0.186960,0.172454,0.182930,0.000000,0,719.82,589.68,90.00,0
10979576,0,0,0,0,1,1,1,1,0,0,0,0,0,0,0,0,0.178901,0.187766,0.195018,0.177289,0.000000,0,719.82,592.56,90.00,0
10979608,0,0,0,0,1,1,1,1,0,0,0,0,0,0,0,0,0.178901,0.188571,0.170843,0.198242,0.000000,0,719.82,595.44,90.00,0
10979640,0,0,0,0,1,1,1,1,0,0,0,0,0,0,0,0,0.182125,0.190183,0.166007,0.197436,0.000000,0,719.82,598.32,90.00,0
10979672,0,0,0,0,1,1,1,1,0,0,0,0,0,0,0,0,0.177289,0.185348,0.176484,0.180513,0.000000,0,719.82,601.20,90.00,0
10979704,0,0,0,0,1,1,1,1,0,0,0,0,0,0,0,0,0.177289,0.186960,0.169231,0.182125,0.000000,0,719.82,604.08,90.00,0
10979736,0,0,0,0,1,1,1,1,0,0,0,0,0,0,0,0,0.181319,0.188571,0.196630,0.181319,0.000000,0,719.82,606.96,90.00,0
10979768,0,0,0,0,1,1,1,1,0,0,0,0,0,0,0,0,0.181319,0.190183,0.172454,0.200659,0.000000,0,719.82,609.84,90.00,0
10979800,0,0,0,0,1,1,1,1,0,0,0,0,0,0,0,0,0.180513,0.190183,0.167619,0.196630,0.000000,0,719.82,612.72,90.00,0
10979832,0,0,0,0,1,1,1,1,0,0,0,0,0,0,0,0,0.177289,0.189377,0.173260,0.183736,0.000000,0,719.82,615.60,90.00,0
10979864,0,0,0,0,1,1,1,1,0,0,0,0,0,0,0,0,0.178901,0.188571,0.172454,0.184542,0.000000,0,719.82,618.48,90.00,0
10979896,0,0,0,0,1,1,1,1,0,0,0,0,0,0,0,0,0.178901,0.185348,0.197436,0.178095,0.000000,0,719.82,621.36,90.00,0
10979928,0,0,0,0,1,1,1,1,0,0,0,0,0,0,0,0,0.179707,0.188571,0.172454,0.196630,0.000000,0,719.82,624.24,90.00,0
10979960,0,0,0,0,1,1,1,1,0,0,0,0,0,0,0,0,0.178901,0.186960,0.165201,0.195018,0.000000,0,719.82,627.12,90.00,0
10979992,0,0,0,0,1,1,1,1,0,0,0,0,0,0,0,0,0.178095,0.190183,0.174872,0.182930,0.000000,0,719.82,630.00,90.00,0
10980024,0,0,0,0,1,1,1,1,0,0,0,0,0,0,0,0,0.177289,0.187766,0.169231,0.178901,0.000000,0,719.82,632.88,90.00,0
10980056,0,0,0,0,1,1,1,1,0,0,0,0,0,0,0,0,0.178901,0.186960,0.196630,0.180513,0.000000,0,719.82,635.76,90.00,0
10980088,0,0,0,0,1,1,1,1,0,0,0,0,0,0,0,0,0.180513,0.190989,0.172454,0.197436,0.000000,0,719.82,638.64,90.00,0
10980120,0,0,0,0,1,1,1,1,0,0,0,0,0,0,0,0,0.180513,0.188571,0.170037,0.196630,0.000000,0,719.82,641.52,90.00,0
10980152,0,0,0,0,1,1,1,1,0,0,0,0,0,0,0,0,0.175678,0.186960,0.174066,0.182125,0.000000,0,719.82,644.40,90.00,0
10980184,0,0,0,0,1,1,1,1,0,0,0,0,0,0,0,0,0.178901,0.188571,0.173260,0.185348,0.000000,0,719.82,647.28,90.00,0
10980216,0,0,0,0,1,1,1,1,0,0,0,0,0,0,0,0,0.181319,0.189377,0.197436,0.182930,0.000000,0,719.82,650.16,90.00,0
10980248,0,0,0,0,1,1,1,1,0,0,0,0,0,0,0,0,0.180513,0.189377,0.174066,0.199853,0.000000,0,719.82,653.04,90.00,0
10980280,0,0,0,0,1,1,1,1,0,0,0,0,0,0,0,0,0.178901,0.186154,0.166007,0.197436,0.000000,0,719.82,655.92,90.00,0
10980312,0,0,0,0,1,1,1,1,0,0,0,0,0,0,0,0,0.177289,0.188571,0.177289,0.185348,0.000000,0,719.82,658.80,90.00,0
10980344,0,0,0,0,1,1,1,1,0,0,0,0,0,0,0,0,0.178901,0.190183,0.170037,0.183736,0.000000,0,719.82,661.68,90.00,0
10980376,0,0,0,0,1,1,1,1,0,0,0,0,0,0,0,0,0.178901,0.186960,0.195824,0.180513,0.000000,0,719.82,664.56,90.00,0
10980408,0,0,0,0,1,1,1,1,0,0,0,0,0,0,0,0,0.178901,0.190183,0.170843,0.197436,0.000000,0,719.82,667.44,90.00,0
10980440,0,0,0,0,1,1,1,1,0,0,0,0,0,0,0,0,0.182125,0.190183,0.167619,0.197436,0.000000,0,719.82,670.32,90.00,0
10980472,0,0,0,0,1,1,1,1,0,0,0,0,0,0,0,0,0.177289,0.186960,0.175678,0.182930,0.000000,0,719.82,673.20,90.00,0
10980504,0,0,0,0,1,1,1,1,0,0,0,0,0,0,0,0,0.177289,0.186960,0.171648,0.183736,0.000000,0,719.82,676.08,90.00,0
10980536,0,0,0,0,1,1,1,1,0,0,0,0,0,0,0,0,0.177289,0.188571,0.195824,0.178095,0.000000,0,719.82,678.96,90.00,0
10980568,0,0,0,0,1,1,1,1,0,0,0,0,0,0,0,0,0.180513,0.190989,0.172454,0.199853,0.000000,0,719.82,681.84,90.00,0
10980600,0,0,0,0,1,1,1,1,0,0,0,0,0,0,0,0,0.180513,0.189377,0.163590,0.196630,0.000000,0,719.82,684.72,90.00,0
10980632,0,0,0,0,1,1,1,1,0,0,0,0,0,0,0,0,0.178095,0.190183,0.174872,0.182930,0.000000,0,719.82,687.60,90.00,0
10980664,0,0,0,0,1,1,1,1,0,0,0,0,0,0,0,0,0.178901,0.190989,0.170037,0.181319,0.000000,0,719.82,690.48,90.00,0
10980696,0,0,0,0,1,1,1,1,0,0,0,0,0,0,0,0,0.180513,0.185348,0.198242,0.180513,0.000000,0,719.82,693.36,90.00,0
10980728,0,0,0,0,1,1,1,1,0,0,0,0,0,0,0,0,0.178901,0.190183,0.170843,0.195824,0.000000,0,719.82,696.24,90.00,0
10980760,0,0,0,0,1,1,1,1,0,0,0,0,0,0,0,0,0.178901,0.190183,0.164396,0.195018,0.000000,0,719.82,699.12,90.00,0
10980792,0,0,0,0,1,1,1,1,0,0,0,0,0,0,0,0,0.178095,0.189377,0.174066,0.183736,0.000000,0,719.82,702.00,90.00,0
10980824,0,0,0,0,1,1,1,1,0,0,0,0,0,0,0,0,0.178901,0.187766,0.171648,0.182125,0.000000,0,719.82,704.88,90.00,0
10980856,0,0,0,0,1,1,1,1,0,0,0,0,0,0,0,0,0.180513,0.186960,0.195018,0.178901,0.000000,0,719.82,707.76,90.00,0
10980888,0,0,0,0,1,1,1,1,0,0,0,0,0,0,0,0,0.180513,0.190989,0.174066,0.199853,0.000000,0,719.82,710.64,90.00,0
10980920,0,0,0,0,1,1,1,1,0,0,0,0,0,0,0,0,0.180513,0.190183,0.169231,0.196630,0.000000,0,719.82,713.52,90.00,0
10980952,0,0,0,0,1,1,1,1,0,0,0,0,0,0,0,0,0.177289,0.186154,0.176484,0.183736,0.000000,0,719.82,716.40,90.00,0
10980984,0,0,0,0,1,1,1,1,0,0,0,0,0,0,0,0,0.180513,0.188571,0.172454,0.183736,0.000000,0,719.82,719.28,90.00,0
10981016,0,0,0,0,1,1,1,1,0,0,0,0,0,0,0,0,0.180513,0.190183,0.200659,0.180513,0.000000,1,719.82,719.82,90.00,0
10981058,0,0,0,0,1,1,1,1,0,0,0,0,0,0,0,0,0.181319,0.188571,0.178901,0.198242,0.000000,0,899.82,720.72,90.00,0
10981090,0,0,0,0,1,1,1,1,0,0,0,0,0,0,0,0,0.180513,0.190989,0.157949,0.197436,0.000000,0,899.82,723.60,90.00,0
10981122,0,0,0,0,1,1,1,1,0,0,0,0,0,0,0,0,0.178901,0.186960,0.173260,0.180513,0.000000,0,899.82,726.48,90.00,0
10981154,0,0,0,0,1,1,1,1,0,0,0,0,0,0,0,0,0.177289,0.189377,0.172454,0.182125,0.000000,0,899.82,729.36,90.00,0
10981186,0,0,0,0,1,1,1,1,0,0,0,0,0,0,0,0,0.179707,0.187766,0.191795,0.179707,0.000000,0,899.82,732.24,90.00,0
10981218,0,0,0,0,1,1,1,1,0,0,0,0,0,0,0,0,0.180513,0.190989,0.178901,0.200659,0.000000,0,899.82,735.12,90.00,0
10981250,0,0,0,0,1,1,1,1,0,0,0,0,0,0,0,0,0.177289,0.189377,0.161172,0.196630,0.000000,0,899.82,738.00,90.00,0
10981282,0,0,0,0,1,1,1,1,0,0,0,0,0,0,0,0,0.178901,0.188571,0.172454,0.182125,0.000000,0,899.82,740.88,90.00,0
10981314,0,0,0,0,1,1,1,1,0,0,0,0,0,0,0,0,0.178095,0.191795,0.175678,0.184542,0.000000,0,899.82,743.76,90.00,0
10981346,0,0,0,0,1,1,1,1,0,0,0,0,0,0,0,0,0.180513,0.187766,0.190989,0.176484,0.000000,0,899.82,746.64,90.00,0
10981378,0,0,0,0,1,1,1,1,0,0,0,0,0,0,0,0,0.178901,0.190183,0.177289,0.197436,0.000000,0,899.82,749.52,90.00,0
10981410,0,0,0,0,1,1,1,1,0,0,0,0,0,0,0,0,0.176484,0.186154,0.161172,0.194212,0.000000,0,899.82,752.40,90.00,0
10981442,0,0,0,0,1,1,1,1,0,0,0,0,0,0,0,0,0.178095,0.186960,0.175678,0.186154,0.000000,0,899.82,755.28,90.00,0
10981474,0,0,0,0,1,1,1,1,0,0,0,0,0,0,0,0,0.177289,0.189377,0.173260,0.182125,0.000000,0,899.82,758.16,90.00,0
10981506,0,0,0,0,1,1,1,1,0,0,0,0,0,0,0,0,0.178901,0.186960,0.190989,0.180513,0.000000,0,899.82,761.04,90.00,0
10981538,0,0,0,0,1,1,1,1,0,0,0,0,0,0,0,0,0.179707,0.190183,0.177289,0.201465,0.000000,0,899.82,763.92,90.00,0
10981570,0,0,0,0,1,1,1,1,0,0,0,0,0,0,0,0,0.178095,0.193407,0.162784,0.197436,0.000000,0,899.82,766.80,90.00,0
10981602,0,0,0,0,1,1,1,1,0,0,0,0,0,0,0,0,0.180513,0.186154,0.172454,0.181319,0.000000,0,899.82,769.68,90.00,0
10981634,0,0,0,0,1,1,1,1,0,0,0,0,0,0,0,0,0.178095,0.191795,0.174872,0.185348,0.000000,0,899.82,772.56,90.00,0
10981666,0,0,0,0,1,1,1,1,0,0,0,0,0,0,0,0,0.180513,0.188571,0.190989,0.180513,0.000000,0,899.82,775.44,90.00,0
10981698,0,0,0,0,1,1,1,1,0,0,0,0,0,0,0,0,0.180513,0.190183,0.180513,0.200659,0.000000,0,899.82,778.32,90.00,0
10981730,0,0,0,0,1,1,1,1,0,0,0,0,0,0,0,0,0.177289,0.186154,0.159560,0.196630,0.000000,0,899.82,781.20,90.00,0
10981762,0,0,0,0,1,1,1,1,0,0,0,0,0,0,0,0,0.178095,0.190183,0.175678,0.182125,0.000000,0,899.82,784.08,90.00,0
10981794,0,0,0,0,1,1,1,1,0,0,0,0,0,0,0,0,0.178095,0.190183,0.173260,0.183736,0.000000,0,899.82,786.96,90.00,0
10981826,0,0,0,0,1,1,1,1,0,0,0,0,0,0,0,0,0.180513,0.186960,0.190183,0.177289,0.000000,0,899.82,789.84,90.00,0
10981858,0,0,0,0,1,1,1,1,0,0,0,0,0,0,0,0,0.178901,0.190183,0.175678,0.198242,0.000000,0,899.82,792.72,90.00,0
10981890,0,0,0,0,1,1,1,1,0,0,0,0,0,0,0,0,0.178095,0.190989,0.161172,0.195018,0.000000,0,899.82,795.60,90.00,0
10981922,0,0,0,0,1,1,1,1,0,0,0,0,0,0,0,0,0.177289,0.187766,0.171648,0.180513,0.000000,0,899.82,798.48,90.00,0
10981954,0,0,0,0,1,1,1,1,0,0,0,0,0,0,0,0,0.178095,0.189377,0.174066,0.183736,0.000000,0,899.82,801.36,90.00,0
10981986,0,0,0,0,1,1,1,1,0,0,0,0,0,0,0,0,0.180513,0.188571,0.193407,0.176484,0.000000,0,899.82,804.24,90.00,0
10982018,0,0,0,0,1,1,1,1,0,0,0,0,0,0,0,0,0.180513,0.190989,0.180513,0.200659,0.000000,0,899.82,807.12,90.00,0
10982050,0,0,0,0,1,1,1,1,0,0,0,0,0,0,0,0,0.177289,0.190183,0.161172,0.199048,0.000000,0,899.82,810.00,90.00,0
10982082,0,0,0,0,1,1,1,1,0,0,0,0,0,0,0,0,0.178095,0.187766,0.171648,0.185348,0.000000,0,899.82,812.88,90.00,0
10982114,0,0,0,0,1,1,1,1,0,0,0,0,0,0,0,0,0.178901,0.190989,0.174872,0.186960,0.000000,0,899.82,815.76,90.00,0
10982146,0,0,0,0,1,1,1,1,0,0,0,0,0,0,0,0,0.180513,0.188571,0.193407,0.180513,0.000000,0,899.82,818.64,90.00,0
10982178,0,0,0,0,1,1,1,1,0,0,0,0,0,0,0,0,0.178901,0.190183,0.175678,0.199048,0.000000,0,899.82,821.52,90.00,0
10982210,0,0,0,0,1,1,1,1,0,0,0,0,0,0,0,0,0.177289,0.186960,0.162784,0.196630,0.000000,0,899.82,824.40,90.00,0
10982242,0,0,0,0,1,1,1,1,0,0,0,0,0,0,0,0,0.178901,0.186960,0.173260,0.183736,0.000000,0,899.82,827.28,90.00,0
10982274,0,0,0,0,1,1,1,1,0,0,0,0,0,0,0,0,0.177289,0.189377,0.174066,0.182125,0.000000,0,899.82,830.16,90.00,0
10982306,0,0,0,0,1,1,1,1,0,0,0,0,0,0,0,0,0.178901,0.186960,0.190183,0.179707,0.000000,0,899.82,833.04,90.00,0
10982338,0,0,0,0,1,1,1,1,0,0,0,0,0,0,0,0,0.180513,0.190183,0.177289,0.202271,0.000000,0,899.82,835.92,90.00,0
10982370,0,0,0,0,1,1,1,1,0,0,0,0,0,0,0,0,0.180513,0.188571,0.163590,0.199048,0.000000,0,899.82,838.80,90.00,0
10982402,0,0,0,0,1,1,1,1,0,0,0,0,0,0,0,0,0.180513,0.186154,0.175678,0.180513,0.000000,0,899.82,841.68,90.00,0
10982434,0,0,0,0,1,1,1,1,0,0,0,0,0,0,0,0,0.178095,0.189377,0.173260,0.184542,0.000000,0,899.82,844.56,90.00,0
10982466,0,0,0,0,1,1,1,1,0,0,0,0,0,0,0,0,0.177289,0.188571,0.191795,0.178095,0.000000,0,899.82,847.44,90.00,0
10982498,0,0,0,0,1,1,1,1,0,0,0,0,0,0,0,0,0.180513,0.190183,0.175678,0.197436,0.000000,0,899.82,850.32,90.00,0
10982530,0,0,0,0,1,1,1,1,0,0,0,0,0,0,0,0,0.178095,0.187766,0.157949,0.194212,0.000000,0,899.82,853.20,90.00,0
10982562,0,0,0,0,1,1,1,1,0,0,0,0,0,0,0,0,0.177289,0.190183,0.170843,0.197436,0.000000,0,899.82,856.08,90.00,0
10982594,0,0,0,0,1,1,1,1,0,0,0,0,0,0,0,0,0.178095,0.190183,0.178095,0.183736,0.000000,0,899.82,858.96,90.00,0
10982626,0,0,0,0,1,1,1,1,0,0,0,0,0,0,0,0,0.178095,0.186154,0.190183,0.175678,0.000000,0,899.82,861.84,90.00,0
10982658,0,0,0,0,1,1,1,1,0,0,0,0,0,0,0,0,0.178901,0.190183,0.176484,0.198242,0.000000,0,899.82,864.72,90.00,0
10982690,0,0,0,0,1,1,1,1,0,0,0,0,0,0,0,0,0.178901,0.190183,0.157949,0.195018,0.000000,0,899.82,867.60,90.00,0
10982722,0,0,0,0,1,1,1,1,0,0,0,0,0,0,0,0,0.177289,0.187766,0.174872,0.180513,0.000000,0,899.82,870.48,90.00,0
10982754,0,0,0,0,1,1,1,1,0,0,0,0,0,0,0,0,0.177289,0.187766,0.173260,0.180513,0.000000,0,899.82,873.36,90.00,0
10982786,0,0,0,0,1,1,1,1,0,0,0,0,0,0,0,0,0.178095,0.188571,0.191795,0.177289,0.000000,0,899.82,876.24,90.00,0
10982818,0,0,0,0,1,1,1,1,0,0,0,0,0,0,0,0,0.180513,0.192601,0.177289,0.199853,0.000000,0,899.82,879.12,90.00,0
10982850,0,0,0,0,1,1,1,1,0,0,0,0,0,0,0,0,0.177289,0.186960,0.161172,0.196630,0.000000,0,899.82,882.00,90.00,0
10982882,0,0,0,0,1,1,1,1,0,0,0,0,0,0,0,0,0.179707,0.187766,0.173260,0.185348,0.000000,0,899.82,884.88,90.00,0
10982914,0,0,0,0,1,1,1,1,0,0,0,0,0,0,0,0,0.178901,0.191795,0.175678,0.184542,0.000000,0,899.82,887.76,90.00,0
10982946,0,0,0,0,1,1,1,1,0,0,0,0,0,0,0,0,0.180513,0.187766,0.190989,0.177289,0.000000,0,899.82,890.64,90.00,0
10982978,0,0,0,0,1,1,1,1,0,0,0,0,0,0,0,0,0.178901,0.188571,0.177289,0.199048,0.000000,0,899.82,893.52,90.00,0
10983010,0,0,0,0,1,1,1,1,0,0,0,0,0,0,0,0,0.180513,0.186960,0.161172,0.197436,0.000000,0,899.82,896.40,90.00,0
10983042,0,0,0,0,1,1,1,1,0,0,0,0,0,0,0,0,0.178095,0.186960,0.175678,0.185348,0.000000,0,899.82,899.28,90.00,0
10983074,0,0,0,0,1,1,1,1,0,0,0,0,0,0,0,0,0.177289,0.187766,0.173260,0.183736,0.000000,1,899.82,899.82,90.00,0
